DAT_TXN,CC_BRN_TXN,ACCT_NO,TXT_TXN_DESC,DAT_VALUE,AMT_DRCR,AMT_TXN,REF_TXN_NO,REF_USR_NO
2024-01-13,1014,10088,SALARY-employee TEST001,2024-01-13,C,978,542262013,123421886
2024-01-05,1025,10075,Credit Interest Capitalised,2024-01-05,C,5513,542262013,123421666
2024-01-16,1006,10025,SALARY-employee AUTOABC,2024-01-16,C,3934,542262013,123421375
2024-01-05,1002,10069,SALARY-employee AUTOABC,2024-01-05,D,6012,542262013,123421550
2024-01-16,1023,10045,RD Install - MEMARI(TEST),2024-01-16,C,4821,542262013,123421622
2024-01-04,1004,10147,CreditAccfor5L,2024-01-04,D,9350,542262013,123421386
2024-01-18,1000,10134,US EscrowTest TD Redemption-Principal,2024-01-18,C,5779,542262013,123421667
2024-01-05,1015,10044,CASH DEP BRANCH SHORT,2024-01-05,D,1056,542262013,123421478
2024-01-18,1023,10163,DD Issue  - BNYM Bank LT - PUNE - BHAND - test123- test123,2024-01-18,C,4753,542262013,123421630
2024-01-25,1028,10054,US EscrowTest TD Payin-Debit,2024-01-25,D,3704,542262013,123421418
2024-01-14,1001,10144,RD Install - MEMARI(TEST),2024-01-14,C,9435,542262013,123421594
2024-01-11,1003,10106,test,2024-01-11,D,7708,542262013,123421430
2024-01-30,1005,10076,OC Gefu Chq Dep for A/c status EightABC - TRANS,2024-01-30,C,5819,542262013,123421636
2024-01-12,1001,10033,FT-TEST,2024-01-12,C,5690,542262013,123421577
2024-01-13,1022,10075,US EscrowTest TD Payin-Debit,2024-01-13,D,2831,542262013,123421473
2024-01-01,1027,10113,TestRT1234-TestinG OF CHRGS,2024-01-01,C,6848,542262013,123421645
2024-01-28,1019,10005,RD Install - MEMARI(TEST),2024-01-28,D,9749,542262013,123421827
2024-01-30,1004,10192,TestRT1234-TestinG OF CHRGS,2024-01-30,C,8291,542262013,123421523
2024-01-19,1013,10070,DD Issue  - BNYM Bank LT - PUNE - BHAND - test123- test123,2024-01-19,C,7127,542262013,123421892
2024-01-07,1015,10157,FT -edge remote Cr - Test1234 - TESTING BAO UPLOAD 1,2024-01-07,C,8662,542262013,123421719
2024-01-23,1001,10178,Misc.Dr - TEST BRANCH SHORT,2024-01-23,D,7266,542262013,123421857
2024-01-28,1020,10039,FT -edge remote Cr - Test1234 - TESTING BAO UPLOAD 1,2024-01-28,C,8127,542262013,123421496
2024-01-26,1016,10091,Misc.Dr - BRANCH SHORT,2024-01-26,C,508,542262013,123421843
2024-01-25,1005,10161,OC Gefu Chq Dep for A/c status ABC - TRANS,2024-01-25,C,3128,542262013,123421867
2024-01-17,1020,10131,DUMMY Gefu Chq Dep,2024-01-17,C,8101,542262013,123421551
2024-01-08,1001,10154,Misc.Dr - BRANCH SHORT,2024-01-08,C,4970,542262013,123421779
2024-01-12,1021,10072,US Escrow TD Redemption-Tax1,2024-01-12,C,1313,542262013,123421552
2024-01-15,1022,10193,Misc.Dr - BRANCH SHORT,2024-01-15,C,5452,542262013,123421505
2024-01-01,1028,10197,OC Gefu Chq Dep for A/c status EightABC - TRANS,2024-01-01,C,6915,542262013,123421767
2024-01-10,1024,10118,US Escrow TD Redemption-Interest,2024-01-10,D,8544,542262013,123421598
2024-01-16,1019,10099,CASH DEP BRANCH SHORT,2024-01-16,D,8187,542262013,123421654
2024-01-08,1021,10020,Credit Interest Capitalised,2024-01-08,C,5268,542262013,123421437
2024-01-08,1007,10080,CASH DEP BRANCH SHORT,2024-01-08,C,1611,542262013,123421724
2024-01-14,1009,10087,SALARY-employee AUTOABC,2024-01-14,D,807,542262013,123421604
2024-01-22,1007,10127,US Escrow TD Redemption-Tax1,2024-01-22,C,8545,542262013,123421398
2024-01-16,1028,10101,Misc.Dr - BRANCH SHORT,2024-01-16,D,2159,542262013,123421685
2024-01-09,1022,10144,RD Install - MEMARI(TEST),2024-01-09,D,3922,542262013,123421862
2024-01-23,1000,10156,FT -edge remote Cr - Test1234 - TESTING BAO UPLOAD 1,2024-01-23,D,7585,542262013,123421654
2024-01-14,1016,10057,Credit Interest Capitalised,2024-01-14,C,5452,542262013,123421710
2024-01-05,1025,10047,OC Gefu Chq Dep for A/c status EightABC - TRANS,2024-01-05,C,5865,542262013,123421766
2024-01-06,1014,10018,US EscrowTest TD Payin-Debit,2024-01-06,D,9076,542262013,123421570
2024-01-22,1011,10189,TestRT1234-TestinG OF CHRGS,2024-01-22,D,4820,542262013,123421402
2024-01-25,1001,10020,Misc.Dr - BRANCH SHORT,2024-01-25,C,8005,542262013,123421661
2024-01-12,1024,10053,Cheque Transaction Rejected,2024-01-12,C,3201,542262013,123421789
2024-01-21,1009,10164,CreditAccfor5L,2024-01-21,D,4287,542262013,123421465
2024-01-03,1011,10091,FT-TEST,2024-01-03,D,7321,542262013,123421638
2024-01-29,1009,10069,OC Gefu Chq Dep for A/c status ABC - TRANS,2024-01-29,D,8037,542262013,123421622
2024-01-28,1011,10142,DUMMY Gefu Chq Dep,2024-01-28,C,2142,542262013,123421860
2024-01-03,1004,10100,CreditAccfor5L,2024-01-03,C,716,542262013,123421368
2024-01-07,1015,10024,SALARY-employee TEST001,2024-01-07,D,2867,542262013,123421740
2024-01-16,1008,10070,test,2024-01-16,C,1456,542262013,123421624
2024-01-21,1001,10157,TEST,2024-01-21,D,8190,542262013,123421346
2024-01-18,1016,10137,Credit Interest Capitalised,2024-01-18,D,1205,542262013,123421558
2024-01-22,1001,10024,OC Gefu Chq Dep for A/c status ABC - TRANS,2024-01-22,D,6276,542262013,123421871
2024-01-15,1010,10012,Cheque Transaction Rejected,2024-01-15,C,2063,542262013,123421879
2024-01-01,1018,10111,SALARY-employee AUTOABC,2024-01-01,C,5793,542262013,123421735
2024-01-18,1014,10170,Credit Interest Capitalised,2024-01-18,C,4006,542262013,123421706
2024-01-16,1018,10138,FT -TEST Dr - 1001 - ABCD,2024-01-16,C,1598,542262013,123421612
2024-01-06,1017,10192,OC Gefu Chq Dep for A/c status ABC - TRANS,2024-01-06,C,8896,542262013,123421859
2024-01-20,1005,10049,Credit Interest Capitalised,2024-01-20,C,2867,542262013,123421369
2024-01-07,1029,10029,CASH DEP BRANCH SHORT,2024-01-07,C,6131,542262013,123421802
2024-01-09,1002,10154,SALARY-employee TEST001,2024-01-09,C,8931,542262013,123421897
2024-01-23,1006,10182,CASH DEP BRANCH SHORT,2024-01-23,C,4736,542262013,123421867
2024-01-22,1028,10032,CASH DEP BRANCH SHORT,2024-01-22,D,7998,542262013,123421558
2024-01-07,1024,10028,SALARY-employee AUTOABC,2024-01-07,C,393,542262013,123421900
2024-01-30,1020,10004,Cheque Transaction Rejected,2024-01-30,C,9549,542262013,123421510
2024-01-15,1007,10093,US EscrowTest TD Redemption-Principal,2024-01-15,D,9730,542262013,123421434
2024-01-19,1007,10185,FT -edge remote Cr - Test1234 - TESTING BAO UPLOAD 1,2024-01-19,D,5758,542262013,123421458
2024-01-29,1011,10028,CASH DEP BRANCH SHORT,2024-01-29,D,8642,542262013,123421813
2024-01-26,1010,10083,US Escrow TD Redemption-Tax1,2024-01-26,D,6194,542262013,123421552
2024-01-08,1007,10076,US EscrowTest TD Redemption-Principal,2024-01-08,C,7096,542262013,123421371
2024-01-02,1027,10180,US Escrow TD Redemption-Interest,2024-01-02,D,4887,542262013,123421491
2024-01-08,1026,10029,test,2024-01-08,D,6141,542262013,123421756
2024-01-02,1024,10005,test,2024-01-02,D,3037,542262013,123421755
2024-01-04,1029,10071,Misc.Dr - TEST BRANCH SHORT,2024-01-04,C,4600,542262013,123421768
2024-01-01,1010,10051,FT - edge Cr - Test1234 - TESTING BAO UPLOAD 1,2024-01-01,C,1816,542262013,123421375
2024-01-06,1016,10140,CreditAccfor5L,2024-01-06,C,9407,542262013,123421386
2024-01-13,1029,10150,Cheque Transaction Rejected,2024-01-13,D,5064,542262013,123421757
2024-01-27,1000,10001,DUMMY Gefu Chq Dep,2024-01-27,C,669,542262013,123421483
2024-01-19,1003,10138,US Escrow TD Redemption-Interest,2024-01-19,D,5563,542262013,123421626
2024-01-22,1023,10106,DUMMY I/W Chq return-TRANSFER INWDUMMY,2024-01-22,D,7439,542262013,123421491
2024-01-19,1000,10018,OC Gefu Chq Dep for A/c status ABC - TRANS,2024-01-19,C,4960,542262013,123421813
2024-01-19,1019,10169,Misc.Dr - TEST BRANCH SHORT,2024-01-19,D,3753,542262013,123421583
2024-01-16,1008,10049,OC Gefu Chq Dep for A/c status EightABC - TRANS,2024-01-16,C,4954,542262013,123421506
2024-01-24,1018,10122,FT - edge Cr - Test1234 - TESTING BAO UPLOAD 1,2024-01-24,C,3863,542262013,123421410
2024-01-12,1001,10138,TestRT1234-TestinG OF CHRGS,2024-01-12,C,274,542262013,123421820
2024-01-23,1013,10077,Misc.Dr - TEST BRANCH SHORT,2024-01-23,D,6351,542262013,123421478
2024-01-30,1024,10025,Misc.Dr - TEST BRANCH SHORT,2024-01-30,C,5276,542262013,123421768
2024-01-07,1029,10083,Credit Interest Capitalised,2024-01-07,D,2862,542262013,123421593
2024-01-08,1013,10147,US Escrow TD Redemption-Interest,2024-01-08,C,3938,542262013,123421400
2024-01-02,1005,10039,test,2024-01-02,C,6473,542262013,123421775
2024-01-30,1000,10062,Misc.Dr - TEST BRANCH SHORT,2024-01-30,D,2453,542262013,123421544
2024-01-10,1000,10065,CreditAccfor5L,2024-01-10,D,2035,542262013,123421538
2024-01-09,1010,10049,DUMMY Gefu Chq Dep,2024-01-09,C,7926,542262013,123421420
2024-01-28,1025,10129,FT-TEST,2024-01-28,C,2891,542262013,123421429
2024-01-07,1004,10102,US EscrowTest TD Payin-Debit,2024-01-07,C,8497,542262013,123421606
2024-01-08,1024,10123,FT -TEST Dr - 1001 - ABCD,2024-01-08,D,2286,542262013,123421605
2024-01-07,1002,10060,Cheque Transaction Rejected,2024-01-07,C,2176,542262013,123421458
2024-01-14,1025,10114,SALARY-employee AUTOABC,2024-01-14,C,9428,542262013,123421828
2024-01-26,1020,10032,Misc.Dr - TEST BRANCH SHORT,2024-01-26,D,658,542262013,123421617
2024-01-17,1010,10048,SALARY-employee TEST001,2024-01-17,D,4476,542262013,123421400
2024-01-27,1021,10045,FT - edge Cr - Test1234 - TESTING BAO UPLOAD 1,2024-01-27,D,1162,542262013,123421403
2024-01-03,1002,10007,DUMMY Gefu Chq Dep,2024-01-03,D,3563,542262013,123421884
2024-01-30,1025,10154,RD Install - MEMARI(TEST),2024-01-30,D,6933,542262013,123421863
2024-01-03,1004,10139,Misc.Dr - BRANCH SHORT,2024-01-03,D,5919,542262013,123421388
2024-01-28,1015,10091,Cheque Transaction Rejected,2024-01-28,C,8007,542262013,123421779
2024-01-24,1017,10147,SALARY-employee AUTOABC,2024-01-24,C,6212,542262013,123421565
2024-01-29,1005,10091,Cheque Transaction Rejected,2024-01-29,C,8421,542262013,123421517
2024-01-04,1023,10071,FT-TEST,2024-01-04,C,4040,542262013,123421521
2024-01-16,1030,10177,Misc.Dr - BRANCH SHORT,2024-01-16,C,6161,542262013,123421440
2024-01-24,1004,10047,TEST,2024-01-24,C,4005,542262013,123421360
2024-01-27,1004,10121,Cheque Transaction Rejected,2024-01-27,C,434,542262013,123421881
2024-01-04,1027,10171,Misc.Dr - BRANCH SHORT,2024-01-04,D,1256,542262013,123421391
2024-01-15,1012,10076,CreditAccfor5L,2024-01-15,D,5273,542262013,123421736
2024-01-22,1013,10147,CASH DEP BRANCH SHORT,2024-01-22,C,5534,542262013,123421676
2024-01-03,1007,10033,CASH DEP BRANCH SHORT,2024-01-03,C,6789,542262013,123421852
2024-01-03,1023,10120,FT - edge Cr - Test1234 - TESTING BAO UPLOAD 1,2024-01-03,C,2978,542262013,123421883
2024-01-18,1029,10093,Credit Interest Capitalised,2024-01-18,C,7624,542262013,123421731
2024-01-15,1030,10090,Misc.Dr - TEST BRANCH SHORT,2024-01-15,C,8227,542262013,123421875
2024-01-09,1022,10063,RD Install - MEMARI(TEST),2024-01-09,C,5508,542262013,123421681
2024-01-13,1007,10192,CreditAccfor5L,2024-01-13,D,1297,542262013,123421407
2024-01-20,1025,10066,Credit Interest Capitalised,2024-01-20,C,3661,542262013,123421594
2024-01-27,1006,10127,US Escrow TD Redemption-Interest,2024-01-27,D,7945,542262013,123421357
2024-01-21,1006,10200,Credit Interest Capitalised,2024-01-21,D,7285,542262013,123421791
2024-01-17,1004,10037,FT-TEST,2024-01-17,C,9482,542262013,123421553
2024-01-17,1004,10077,CASH DEP BRANCH SHORT,2024-01-17,D,7198,542262013,123421835
2024-01-02,1026,10032,CASH DEP BRANCH SHORT,2024-01-02,C,1939,542262013,123421454
2024-01-29,1028,10106,US Escrow TD Redemption-Interest,2024-01-29,D,8516,542262013,123421421
2024-01-14,1011,10059,Misc.Dr - BRANCH SHORT,2024-01-14,C,2222,542262013,123421437
2024-01-02,1029,10067,Misc.Dr - TEST BRANCH SHORT,2024-01-02,C,6426,542262013,123421792
2024-01-27,1016,10002,SALARY-employee AUTOABC,2024-01-27,C,9185,542262013,123421749
2024-01-05,1004,10107,CreditAccfor5L,2024-01-05,D,1349,542262013,123421528
2024-01-25,1002,10110,OC Gefu Chq Dep for A/c status ABC - TRANS,2024-01-25,D,1338,542262013,123421831
2024-01-19,1027,10033,FT -edge remote Cr - Test1234 - TESTING BAO UPLOAD 1,2024-01-19,D,7496,542262013,123421358
2024-01-04,1030,10077,Cheque Transaction Rejected,2024-01-04,C,3608,542262013,123421832
2024-01-23,1011,10053,US EscrowTest TD Redemption-Principal,2024-01-23,C,6418,542262013,123421563
2024-01-30,1020,10099,CASH DEP BRANCH SHORT,2024-01-30,C,598,542262013,123421632
2024-01-16,1030,10181,TEST,2024-01-16,C,1571,542262013,123421472
2024-01-20,1024,10168,OC Gefu Chq Dep for A/c status ABC - TRANS,2024-01-20,D,5912,542262013,123421794
2024-01-01,1012,10015,CASH DEP BRANCH SHORT,2024-01-01,D,5734,542262013,123421472
2024-01-04,1013,10198,RD Install - MEMARI(TEST),2024-01-04,C,4955,542262013,123421572
2024-01-25,1017,10025,CreditAccfor5L,2024-01-25,D,840,542262013,123421802
2024-01-16,1012,10001,Credit Interest Capitalised,2024-01-16,C,1162,542262013,123421450
2024-01-25,1017,10053,Misc.Dr - BRANCH SHORT,2024-01-25,C,2967,542262013,123421429
2024-01-12,1029,10135,CASH DEP BRANCH SHORT,2024-01-12,D,3623,542262013,123421747
2024-01-16,1022,10167,OC Gefu Chq Dep for A/c status EightABC - TRANS,2024-01-16,D,9608,542262013,123421370
2024-01-17,1000,10181,CASH DEP BRANCH SHORT,2024-01-17,C,336,542262013,123421396
2024-01-19,1005,10128,Misc.Dr - BRANCH SHORT,2024-01-19,C,4500,542262013,123421749
2024-01-22,1019,10142,TestRT1234-TestinG OF CHRGS,2024-01-22,C,7070,542262013,123421563
2024-01-14,1009,10057,SALARY-employee AUTOABC,2024-01-14,C,7467,542262013,123421686
2024-01-01,1029,10086,FT -edge remote Cr - Test1234 - TESTING BAO UPLOAD 1,2024-01-01,C,2595,542262013,123421720
2024-01-06,1016,10093,test,2024-01-06,D,2636,542262013,123421780
2024-01-02,1010,10053,TEST,2024-01-02,C,9801,542262013,123421787
2024-01-30,1027,10001,CASH DEP BRANCH SHORT,2024-01-30,D,228,542262013,123421807
2024-01-07,1013,10003,DUMMY I/W Chq return-TRANSFER INWDUMMY,2024-01-07,D,6451,542262013,123421825
2024-01-07,1010,10198,test,2024-01-07,D,5706,542262013,123421754
2024-01-17,1002,10162,TestRT1234-TestinG OF CHRGS,2024-01-17,C,2188,542262013,123421397
2024-01-14,1003,10167,RD Install - MEMARI(TEST),2024-01-14,C,4477,542262013,123421882
2024-01-12,1030,10054,FT - edge Cr - Test1234 - TESTING BAO UPLOAD 1,2024-01-12,D,3878,542262013,123421618
2024-01-29,1007,10078,RD Install - MEMARI(TEST),2024-01-29,C,4685,542262013,123421509
2024-01-10,1000,10143,TEST,2024-01-10,D,4325,542262013,123421484
2024-01-07,1011,10087,DUMMY Gefu Chq Dep,2024-01-07,D,9340,542262013,123421488
2024-01-03,1013,10093,Cheque Transaction Rejected,2024-01-03,C,3758,542262013,123421432
2024-01-01,1021,10096,Misc.Dr - TEST BRANCH SHORT,2024-01-01,C,8796,542262013,123421623
2024-01-18,1018,10129,OC Gefu Chq Dep for A/c status EightABC - TRANS,2024-01-18,C,8368,542262013,123421361
2024-01-29,1025,10154,TEST,2024-01-29,C,1482,542262013,123421454
2024-01-05,1017,10042,DUMMY I/W Chq return-TRANSFER INWDUMMY,2024-01-05,C,4513,542262013,123421849
2024-01-27,1000,10097,CreditAccfor5L,2024-01-27,C,6151,542262013,123421452
2024-01-10,1004,10181,SALARY-employee TEST001,2024-01-10,D,333,542262013,123421633
2024-01-25,1028,10171,Cheque Transaction Rejected,2024-01-25,D,248,542262013,123421382
2024-01-09,1012,10085,DUMMY Gefu Chq Dep,2024-01-09,D,9230,542262013,123421410
2024-01-26,1021,10099,Credit Interest Capitalised,2024-01-26,C,7074,542262013,123421624
2024-01-16,1013,10141,FT - edge Cr - Test1234 - TESTING BAO UPLOAD 1,2024-01-16,C,877,542262013,123421566
2024-01-27,1002,10146,test,2024-01-27,C,6633,542262013,123421379
2024-01-19,1028,10041,DUMMY I/W Chq return-TRANSFER INWDUMMY,2024-01-19,D,2290,542262013,123421841
2024-01-03,1003,10164,CASH DEP BRANCH SHORT,2024-01-03,D,7210,542262013,123421594
2024-01-01,1001,10046,US EscrowTest TD Redemption-Principal,2024-01-01,D,5059,542262013,123421606
2024-01-20,1012,10134,Credit Interest Capitalised,2024-01-20,D,9760,542262013,123421381
2024-01-12,1013,10104,CASH DEP BRANCH SHORT,2024-01-12,D,6883,542262013,123421898
2024-01-10,1022,10061,US Escrow TD Redemption-Interest,2024-01-10,C,7423,542262013,123421711
2024-01-19,1018,10183,CASH DEP BRANCH SHORT,2024-01-19,C,6983,542262013,123421418
2024-01-28,1015,10189,OC Gefu Chq Dep for A/c status EightABC - TRANS,2024-01-28,D,4735,542262013,123421485
2024-01-06,1026,10023,Misc.Dr - TEST BRANCH SHORT,2024-01-06,C,8432,542262013,123421855
2024-01-10,1026,10035,FT -edge remote Cr - Test1234 - TESTING BAO UPLOAD 1,2024-01-10,D,3674,542262013,123421823
2024-01-24,1008,10173,RD Install - MEMARI(TEST),2024-01-24,D,9620,542262013,123421781
2024-01-29,1018,10122,FT-TEST,2024-01-29,D,4914,542262013,123421567
2024-01-21,1000,10077,test,2024-01-21,C,8978,542262013,123421786
2024-01-29,1017,10114,Misc.Dr - BRANCH SHORT,2024-01-29,C,6383,542262013,123421662
2024-01-15,1023,10037,DUMMY Gefu Chq Dep,2024-01-15,D,786,542262013,123421577
2024-01-26,1025,10066,CASH DEP BRANCH SHORT,2024-01-26,C,1946,542262013,123421503
2024-01-20,1025,10134,CreditAccfor5L,2024-01-20,D,2492,542262013,123421871
2024-01-18,1023,10198,Misc.Dr - BRANCH SHORT,2024-01-18,D,7199,542262013,123421381
2024-01-03,1020,10193,TestRT1234-TestinG OF CHRGS,2024-01-03,C,8566,542262013,123421678
2024-01-26,1003,10143,US Escrow TD Redemption-Interest,2024-01-26,D,2283,542262013,123421536
2024-01-09,1019,10174,TestRT1234-TestinG OF CHRGS,2024-01-09,C,9927,542262013,123421477
2024-01-23,1012,10029,CASH DEP BRANCH SHORT,2024-01-23,D,6574,542262013,123421613
2024-01-24,1021,10053,Cheque Transaction Rejected,2024-01-24,C,935,542262013,123421429
2024-01-18,1021,10109,test,2024-01-18,D,4240,542262013,123421702
2024-01-07,1008,10042,TestRT1234-TestinG OF CHRGS,2024-01-07,C,1492,542262013,123421790
2024-01-14,1006,10015,CASH DEP BRANCH SHORT,2024-01-14,C,7269,542262013,123421381
2024-01-01,1003,10040,RD Install - MEMARI(TEST),2024-01-01,D,7099,542262013,123421577
2024-01-01,1014,10122,test,2024-01-01,C,6090,542262013,123421857
2024-01-26,1029,10024,Credit Interest Capitalised,2024-01-26,D,4475,542262013,123421371
2024-01-28,1025,10154,CASH DEP BRANCH SHORT,2024-01-28,D,1676,542262013,123421876
2024-01-02,1029,10034,DD Issue  - BNYM Bank LT - PUNE - BHAND - test123- test123,2024-01-02,C,1287,542262013,123421435
2024-01-09,1012,10128,SALARY-employee AUTOABC,2024-01-09,C,125,542262013,123421819
2024-01-28,1011,10146,SALARY-employee AUTOABC,2024-01-28,D,6247,542262013,123421808
2024-01-28,1012,10145,OC Gefu Chq Dep for A/c status EightABC - TRANS,2024-01-28,D,726,542262013,123421455
2024-01-04,1012,10113,CASH DEP BRANCH SHORT,2024-01-04,C,3302,542262013,123421583
2024-01-11,1014,10170,DD Issue  - BNYM Bank LT - PUNE - BHAND - test123- test123,2024-01-11,D,6170,542262013,123421451
2024-01-29,1027,10033,DUMMY I/W Chq return-TRANSFER INWDUMMY,2024-01-29,D,2370,542262013,123421398
2024-01-23,1016,10000,CASH DEP BRANCH SHORT,2024-01-23,D,9619,542262013,123421577
2024-01-06,1004,10141,DUMMY I/W Chq return-TRANSFER INWDUMMY,2024-01-06,D,4239,542262013,123421684
2024-01-04,1012,10161,DUMMY I/W Chq return-TRANSFER INWDUMMY,2024-01-04,C,1195,542262013,123421472
2024-01-18,1000,10162,test,2024-01-18,C,2522,542262013,123421360
2024-01-05,1007,10039,OC Gefu Chq Dep for A/c status EightABC - TRANS,2024-01-05,D,261,542262013,123421569
2024-01-29,1004,10130,US Escrow TD Redemption-Interest,2024-01-29,D,9352,542262013,123421900
2024-01-08,1028,10174,FT -TEST Dr - 1001 - ABCD,2024-01-08,C,9488,542262013,123421438
2024-01-30,1002,10081,TEST,2024-01-30,C,1011,542262013,123421725
2024-01-17,1016,10005,FT -TEST Dr - 1001 - ABCD,2024-01-17,C,8203,542262013,123421422
2024-01-24,1017,10005,TEST,2024-01-24,D,6846,542262013,123421833
2024-01-03,1007,10009,DD Issue  - BNYM Bank LT - PUNE - BHAND - test123- test123,2024-01-03,C,9198,542262013,123421702
2024-01-02,1008,10082,Credit Interest Capitalised,2024-01-02,C,4018,542262013,123421763
2024-01-26,1009,10134,TestRT1234-TestinG OF CHRGS,2024-01-26,D,4656,542262013,123421469
2024-01-02,1023,10000,FT -TEST Dr - 1001 - ABCD,2024-01-02,C,2573,542262013,123421795
2024-01-07,1004,10018,RD Install - MEMARI(TEST),2024-01-07,C,3241,542262013,123421654
2024-01-20,1006,10009,RD Install - MEMARI(TEST),2024-01-20,C,2811,542262013,123421771
2024-01-03,1029,10183,Misc.Dr - TEST BRANCH SHORT,2024-01-03,D,3893,542262013,123421363
2024-01-08,1027,10095,TestRT1234-TestinG OF CHRGS,2024-01-08,C,6598,542262013,123421488
2024-01-21,1001,10082,DD Issue  - BNYM Bank LT - PUNE - BHAND - test123- test123,2024-01-21,D,7615,542262013,123421720
2024-01-23,1010,10164,OC Gefu Chq Dep for A/c status ABC - TRANS,2024-01-23,D,3525,542262013,123421885
2024-01-22,1030,10049,TEST,2024-01-22,D,7259,542262013,123421502
2024-01-19,1030,10157,CASH DEP BRANCH SHORT,2024-01-19,C,4578,542262013,123421358
2024-01-13,1002,10163,CASH DEP BRANCH SHORT,2024-01-13,C,4730,542262013,123421471
2024-01-20,1029,10106,FT-TEST,2024-01-20,C,1075,542262013,123421863
2024-01-06,1010,10073,Credit Interest Capitalised,2024-01-06,D,9770,542262013,123421816
2024-01-25,1029,10136,Credit Interest Capitalised,2024-01-25,C,8470,542262013,123421588
2024-01-06,1014,10182,FT -TEST Dr - 1001 - ABCD,2024-01-06,D,8879,542262013,123421845
2024-01-18,1030,10192,Credit Interest Capitalised,2024-01-18,C,1209,542262013,123421475
2024-01-08,1018,10180,OC Gefu Chq Dep for A/c status EightABC - TRANS,2024-01-08,C,6876,542262013,123421512
2024-01-27,1003,10191,TEST,2024-01-27,C,7655,542262013,123421614
2024-01-06,1001,10094,US EscrowTest TD Payin-Debit,2024-01-06,C,6172,542262013,123421403
2024-01-08,1006,10038,FT -edge remote Cr - Test1234 - TESTING BAO UPLOAD 1,2024-01-08,D,8376,542262013,123421752
2024-01-25,1019,10135,US Escrow TD Redemption-Tax1,2024-01-25,C,101,542262013,123421371
2024-01-23,1012,10144,Credit Interest Capitalised,2024-01-23,D,2794,542262013,123421490
2024-01-18,1004,10004,CreditAccfor5L,2024-01-18,C,2084,542262013,123421655
2024-01-12,1029,10175,RD Install - MEMARI(TEST),2024-01-12,D,3383,542262013,123421794
2024-01-15,1012,10081,SALARY-employee TEST001,2024-01-15,C,3491,542262013,123421852
2024-01-24,1004,10183,CreditAccfor5L,2024-01-24,C,6660,542262013,123421487
2024-01-20,1022,10187,Credit Interest Capitalised,2024-01-20,C,329,542262013,123421457
2024-01-27,1008,10001,DUMMY Gefu Chq Dep,2024-01-27,D,4768,542262013,123421664
2024-01-11,1006,10009,CASH DEP BRANCH SHORT,2024-01-11,C,2773,542262013,123421408
2024-01-29,1007,10042,Misc.Dr - BRANCH SHORT,2024-01-29,D,3321,542262013,123421432
2024-01-10,1025,10110,CreditAccfor5L,2024-01-10,C,3180,542262013,123421607
2024-01-12,1024,10149,test,2024-01-12,C,3088,542262013,123421596
2024-01-04,1023,10047,CreditAccfor5L,2024-01-04,D,6741,542262013,123421565
2024-01-29,1027,10140,DUMMY Gefu Chq Dep,2024-01-29,C,4892,542262013,123421485
2024-01-05,1010,10186,DUMMY Gefu Chq Dep,2024-01-05,C,6254,542262013,123421532
2024-01-06,1014,10166,OC Gefu Chq Dep for A/c status ABC - TRANS,2024-01-06,C,9351,542262013,123421450
2024-01-06,1024,10156,CASH DEP BRANCH SHORT,2024-01-06,C,4905,542262013,123421895
2024-01-28,1001,10047,US EscrowTest TD Payin-Debit,2024-01-28,D,8121,542262013,123421388
2024-01-08,1006,10083,RD Install - MEMARI(TEST),2024-01-08,C,6143,542262013,123421569
2024-01-17,1024,10134,US Escrow TD Redemption-Interest,2024-01-17,D,4093,542262013,123421678
2024-01-09,1025,10006,FT -edge remote Cr - Test1234 - TESTING BAO UPLOAD 1,2024-01-09,C,3888,542262013,123421523
2024-01-01,1030,10001,CASH DEP BRANCH SHORT,2024-01-01,C,370,542262013,123421733
2024-01-01,1017,10144,US Escrow TD Redemption-Tax1,2024-01-01,D,5815,542262013,123421781
2024-01-22,1024,10092,FT -TEST Dr - 1001 - ABCD,2024-01-22,C,2145,542262013,123421536
2024-01-14,1029,10024,test,2024-01-14,C,1328,542262013,123421448
2024-01-10,1018,10053,FT - edge Cr - Test1234 - TESTING BAO UPLOAD 1,2024-01-10,D,4549,542262013,123421531
2024-01-20,1029,10070,US EscrowTest TD Payin-Debit,2024-01-20,C,5237,542262013,123421645
2024-01-26,1016,10074,FT-TEST,2024-01-26,C,371,542262013,123421651
2024-01-21,1024,10000,FT -TEST Dr - 1001 - ABCD,2024-01-21,D,4972,542262013,123421753
2024-01-25,1010,10056,FT -TEST Dr - 1001 - ABCD,2024-01-25,C,469,542262013,123421557
2024-01-10,1009,10126,US EscrowTest TD Redemption-Principal,2024-01-10,C,7465,542262013,123421792
2024-01-28,1018,10116,OC Gefu Chq Dep for A/c status EightABC - TRANS,2024-01-28,D,917,542262013,123421421
2024-01-15,1025,10065,TEST,2024-01-15,C,9660,542262013,123421778
2024-01-09,1007,10193,FT -edge remote Cr - Test1234 - TESTING BAO UPLOAD 1,2024-01-09,C,6855,542262013,123421832
2024-01-27,1025,10179,Credit Interest Capitalised,2024-01-27,C,6527,542262013,123421642
2024-01-03,1017,10133,Misc.Dr - BRANCH SHORT,2024-01-03,C,5346,542262013,123421773
2024-01-20,1016,10115,CASH DEP BRANCH SHORT,2024-01-20,D,9062,542262013,123421579
2024-01-14,1011,10092,Misc.Dr - BRANCH SHORT,2024-01-14,D,5203,542262013,123421705
2024-01-29,1004,10182,RD Install - MEMARI(TEST),2024-01-29,C,4870,542262013,123421705
2024-01-02,1002,10014,OC Gefu Chq Dep for A/c status ABC - TRANS,2024-01-02,C,2012,542262013,123421534
2024-01-12,1028,10066,US Escrow TD Redemption-Interest,2024-01-12,C,7282,542262013,123421482
2024-01-28,1006,10060,CASH DEP BRANCH SHORT,2024-01-28,D,6102,542262013,123421654
2024-01-11,1029,10084,RD Install - MEMARI(TEST),2024-01-11,D,4080,542262013,123421625
2024-01-11,1030,10057,FT - edge Cr - Test1234 - TESTING BAO UPLOAD 1,2024-01-11,D,6016,542262013,123421874
2024-01-04,1021,10003,TestRT1234-TestinG OF CHRGS,2024-01-04,C,8704,542262013,123421342
2024-01-18,1026,10079,CreditAccfor5L,2024-01-18,D,9787,542262013,123421577
2024-01-12,1021,10175,SALARY-employee TEST001,2024-01-12,C,7256,542262013,123421549
2024-01-12,1027,10130,FT -TEST Dr - 1001 - ABCD,2024-01-12,C,7790,542262013,123421800
2024-01-25,1020,10058,OC Gefu Chq Dep for A/c status ABC - TRANS,2024-01-25,C,2087,542262013,123421866
2024-01-12,1020,10178,TEST,2024-01-12,C,1316,542262013,123421432
2024-01-16,1027,10050,OC Gefu Chq Dep for A/c status ABC - TRANS,2024-01-16,C,8661,542262013,123421666
2024-01-27,1019,10085,SALARY-employee TEST001,2024-01-27,C,3377,542262013,123421411
2024-01-04,1002,10011,SALARY-employee AUTOABC,2024-01-04,C,1611,542262013,123421441
2024-01-12,1020,10172,CASH DEP BRANCH SHORT,2024-01-12,C,7522,542262013,123421390
2024-01-15,1002,10178,US EscrowTest TD Payin-Debit,2024-01-15,D,7944,542262013,123421743
2024-01-20,1013,10025,TestRT1234-TestinG OF CHRGS,2024-01-20,D,3914,542262013,123421792
2024-01-15,1016,10170,DUMMY Gefu Chq Dep,2024-01-15,D,1104,542262013,123421531
2024-01-02,1016,10140,RD Install - MEMARI(TEST),2024-01-02,C,2581,542262013,123421776
2024-01-23,1001,10141,Misc.Dr - BRANCH SHORT,2024-01-23,D,9436,542262013,123421761
2024-01-08,1005,10181,Misc.Dr - TEST BRANCH SHORT,2024-01-08,D,3805,542262013,123421656
2024-01-08,1021,10112,US Escrow TD Redemption-Tax1,2024-01-08,C,8842,542262013,123421512
2024-01-06,1012,10160,Misc.Dr - BRANCH SHORT,2024-01-06,D,6244,542262013,123421797
2024-01-08,1021,10092,CASH DEP BRANCH SHORT,2024-01-08,D,9826,542262013,123421628
2024-01-09,1015,10076,CASH DEP BRANCH SHORT,2024-01-09,C,9386,542262013,123421363
2024-01-15,1017,10015,CreditAccfor5L,2024-01-15,D,7990,542262013,123421704
2024-01-18,1004,10136,TestRT1234-TestinG OF CHRGS,2024-01-18,D,4385,542262013,123421798
2024-01-08,1023,10032,Misc.Dr - BRANCH SHORT,2024-01-08,D,7773,542262013,123421872
2024-01-23,1021,10148,RD Install - MEMARI(TEST),2024-01-23,C,1595,542262013,123421646
2024-01-13,1004,10066,OC Gefu Chq Dep for A/c status ABC - TRANS,2024-01-13,C,9272,542262013,123421403
2024-01-13,1027,10077,Misc.Dr - BRANCH SHORT,2024-01-13,C,4748,542262013,123421470
2024-01-14,1012,10167,SALARY-employee AUTOABC,2024-01-14,D,674,542262013,123421457
2024-01-08,1026,10150,DD Issue  - BNYM Bank LT - PUNE - BHAND - test123- test123,2024-01-08,D,6252,542262013,123421546
2024-01-03,1027,10109,OC Gefu Chq Dep for A/c status EightABC - TRANS,2024-01-03,C,305,542262013,123421409
2024-01-25,1022,10026,FT - edge Cr - Test1234 - TESTING BAO UPLOAD 1,2024-01-25,D,4831,542262013,123421534
2024-01-01,1002,10069,FT-TEST,2024-01-01,C,8579,542262013,123421764
2024-01-22,1004,10200,US Escrow TD Redemption-Tax1,2024-01-22,C,3360,542262013,123421425
2024-01-28,1029,10180,Credit Interest Capitalised,2024-01-28,C,2067,542262013,123421429
2024-01-21,1009,10076,US EscrowTest TD Payin-Debit,2024-01-21,C,2682,542262013,123421720
2024-01-09,1029,10020,OC Gefu Chq Dep for A/c status EightABC - TRANS,2024-01-09,C,1564,542262013,123421625
2024-01-28,1018,10046,CASH DEP BRANCH SHORT,2024-01-28,D,1868,542262013,123421714
2024-01-27,1029,10067,US EscrowTest TD Redemption-Principal,2024-01-27,D,7366,542262013,123421753
2024-01-07,1002,10149,DUMMY Gefu Chq Dep,2024-01-07,D,9123,542262013,123421778
2024-01-24,1002,10076,RD Install - MEMARI(TEST),2024-01-24,C,3142,542262013,123421363
2024-01-08,1003,10001,CASH DEP BRANCH SHORT,2024-01-08,C,2737,542262013,123421746
2024-01-17,1007,10116,Misc.Dr - TEST BRANCH SHORT,2024-01-17,C,3429,542262013,123421788
2024-01-21,1001,10105,RD Install - MEMARI(TEST),2024-01-21,C,5488,542262013,123421451
2024-01-12,1003,10048,OC Gefu Chq Dep for A/c status EightABC - TRANS,2024-01-12,C,1931,542262013,123421716
2024-01-19,1026,10162,Misc.Dr - BRANCH SHORT,2024-01-19,C,815,542262013,123421784
2024-01-17,1028,10073,Misc.Dr - TEST BRANCH SHORT,2024-01-17,D,3526,542262013,123421511
2024-01-21,1022,10140,FT-TEST,2024-01-21,C,1344,542262013,123421715
2024-01-05,1015,10176,OC Gefu Chq Dep for A/c status EightABC - TRANS,2024-01-05,C,8902,542262013,123421529
2024-01-14,1008,10018,FT -TEST Dr - 1001 - ABCD,2024-01-14,D,6115,542262013,123421771
2024-01-22,1014,10136,Misc.Dr - BRANCH SHORT,2024-01-22,D,687,542262013,123421763
2024-01-30,1024,10107,FT-TEST,2024-01-30,D,684,542262013,123421771
2024-01-06,1008,10015,FT -TEST Dr - 1001 - ABCD,2024-01-06,D,6089,542262013,123421422
2024-01-12,1012,10017,TestRT1234-TestinG OF CHRGS,2024-01-12,D,8068,542262013,123421788
2024-01-01,1022,10060,US EscrowTest TD Payin-Debit,2024-01-01,C,3628,542262013,123421671
2024-01-28,1013,10120,test,2024-01-28,D,7111,542262013,123421482
2024-01-29,1011,10171,test,2024-01-29,C,4513,542262013,123421813
2024-01-09,1009,10043,Misc.Dr - TEST BRANCH SHORT,2024-01-09,C,7395,542262013,123421888
2024-01-18,1013,10003,Misc.Dr - TEST BRANCH SHORT,2024-01-18,D,3570,542262013,123421451
2024-01-09,1010,10080,Cheque Transaction Rejected,2024-01-09,C,1846,542262013,123421694
2024-01-27,1021,10045,CASH DEP BRANCH SHORT,2024-01-27,C,1870,542262013,123421870
2024-01-25,1012,10016,FT - edge Cr - Test1234 - TESTING BAO UPLOAD 1,2024-01-25,D,2497,542262013,123421365
2024-01-06,1016,10034,Misc.Dr - TEST BRANCH SHORT,2024-01-06,C,7096,542262013,123421403
2024-01-26,1005,10154,OC Gefu Chq Dep for A/c status EightABC - TRANS,2024-01-26,C,5089,542262013,123421719
2024-01-15,1029,10174,FT - edge Cr - Test1234 - TESTING BAO UPLOAD 1,2024-01-15,D,5305,542262013,123421424
2024-01-24,1017,10110,US Escrow TD Redemption-Interest,2024-01-24,C,495,542262013,123421865
2024-01-08,1004,10164,FT - edge Cr - Test1234 - TESTING BAO UPLOAD 1,2024-01-08,C,5834,542262013,123421574
2024-01-14,1006,10200,Cheque Transaction Rejected,2024-01-14,C,7999,542262013,123421555
2024-01-26,1026,10077,Cheque Transaction Rejected,2024-01-26,D,8444,542262013,123421626
2024-01-13,1021,10146,DD Issue  - BNYM Bank LT - PUNE - BHAND - test123- test123,2024-01-13,C,9674,542262013,123421606
2024-01-12,1009,10050,FT -edge remote Cr - Test1234 - TESTING BAO UPLOAD 1,2024-01-12,D,9326,542262013,123421886
2024-01-26,1016,10117,FT -edge remote Cr - Test1234 - TESTING BAO UPLOAD 1,2024-01-26,D,2142,542262013,123421827
2024-01-15,1006,10107,SALARY-employee AUTOABC,2024-01-15,C,5305,542262013,123421762
2024-01-06,1002,10031,RD Install - MEMARI(TEST),2024-01-06,D,3269,542262013,123421385
2024-01-12,1029,10165,TestRT1234-TestinG OF CHRGS,2024-01-12,D,5215,542262013,123421777
2024-01-20,1029,10177,Cheque Transaction Rejected,2024-01-20,C,3673,542262013,123421808
2024-01-28,1012,10079,FT-TEST,2024-01-28,D,8018,542262013,123421826
2024-01-15,1002,10196,FT-TEST,2024-01-15,C,294,542262013,123421755
2024-01-14,1024,10166,Credit Interest Capitalised,2024-01-14,C,1530,542262013,123421482
2024-01-24,1004,10119,US Escrow TD Redemption-Tax1,2024-01-24,D,3700,542262013,123421604
2024-01-29,1023,10064,Misc.Dr - TEST BRANCH SHORT,2024-01-29,D,3801,542262013,123421438
2024-01-15,1023,10188,CASH DEP BRANCH SHORT,2024-01-15,C,2084,542262013,123421415
2024-01-22,1011,10093,RD Install - MEMARI(TEST),2024-01-22,C,5161,542262013,123421730
2024-01-06,1024,10072,FT -TEST Dr - 1001 - ABCD,2024-01-06,D,8231,542262013,123421625
2024-01-30,1009,10039,Misc.Dr - TEST BRANCH SHORT,2024-01-30,D,7691,542262013,123421360
2024-01-15,1014,10051,CASH DEP BRANCH SHORT,2024-01-15,D,9430,542262013,123421559
2024-01-08,1007,10020,FT - edge Cr - Test1234 - TESTING BAO UPLOAD 1,2024-01-08,D,6950,542262013,123421529
2024-01-25,1025,10051,CASH DEP BRANCH SHORT,2024-01-25,D,1966,542262013,123421457
2024-01-07,1012,10156,Credit Interest Capitalised,2024-01-07,C,1412,542262013,123421562
2024-01-20,1021,10182,CASH DEP BRANCH SHORT,2024-01-20,D,2180,542262013,123421476
2024-01-22,1019,10027,FT - edge Cr - Test1234 - TESTING BAO UPLOAD 1,2024-01-22,C,3893,542262013,123421584
2024-01-29,1026,10166,SALARY-employee TEST001,2024-01-29,C,8424,542262013,123421620
2024-01-09,1020,10054,TEST,2024-01-09,C,6949,542262013,123421591
2024-01-17,1007,10110,DUMMY Gefu Chq Dep,2024-01-17,D,6099,542262013,123421591
2024-01-24,1026,10033,Misc.Dr - BRANCH SHORT,2024-01-24,D,990,542262013,123421898
2024-01-27,1005,10007,DUMMY I/W Chq return-TRANSFER INWDUMMY,2024-01-27,D,4519,542262013,123421410
2024-01-20,1024,10192,US Escrow TD Redemption-Interest,2024-01-20,C,6608,542262013,123421670
2024-01-02,1023,10000,FT -TEST Dr - 1001 - ABCD,2024-01-02,C,5432,542262013,123421423
2024-01-05,1008,10156,test,2024-01-05,C,3410,542262013,123421840
2024-01-20,1027,10100,FT -edge remote Cr - Test1234 - TESTING BAO UPLOAD 1,2024-01-20,C,7769,542262013,123421459
2024-01-07,1012,10176,CASH DEP BRANCH SHORT,2024-01-07,C,5017,542262013,123421613
2024-01-01,1030,10072,OC Gefu Chq Dep for A/c status EightABC - TRANS,2024-01-01,C,1281,542262013,123421485
2024-01-08,1018,10081,Credit Interest Capitalised,2024-01-08,D,7411,542262013,123421547
2024-01-02,1023,10131,SALARY-employee TEST001,2024-01-02,D,4342,542262013,123421503
2024-01-11,1005,10193,Misc.Dr - TEST BRANCH SHORT,2024-01-11,D,3955,542262013,123421524
2024-01-06,1013,10128,US Escrow TD Redemption-Interest,2024-01-06,C,1456,542262013,123421763
2024-01-01,1005,10071,DUMMY I/W Chq return-TRANSFER INWDUMMY,2024-01-01,C,6837,542262013,123421673
2024-01-29,1013,10102,FT-TEST,2024-01-29,C,2353,542262013,123421348
2024-01-03,1005,10161,CASH DEP BRANCH SHORT,2024-01-03,C,5824,542262013,123421478
2024-01-12,1027,10101,OC Gefu Chq Dep for A/c status EightABC - TRANS,2024-01-12,C,3547,542262013,123421585
2024-01-20,1029,10039,CreditAccfor5L,2024-01-20,D,4374,542262013,123421531
2024-01-29,1013,10155,FT -TEST Dr - 1001 - ABCD,2024-01-29,C,4608,542262013,123421663
2024-01-08,1022,10044,OC Gefu Chq Dep for A/c status EightABC - TRANS,2024-01-08,C,9971,542262013,123421829
2024-01-17,1006,10091,Misc.Dr - TEST BRANCH SHORT,2024-01-17,C,8361,542262013,123421893
2024-01-30,1025,10125,DUMMY I/W Chq return-TRANSFER INWDUMMY,2024-01-30,D,2456,542262013,123421813
2024-01-07,1026,10126,Credit Interest Capitalised,2024-01-07,D,9060,542262013,123421754
2024-01-21,1004,10022,FT - edge Cr - Test1234 - TESTING BAO UPLOAD 1,2024-01-21,C,7330,542262013,123421847
2024-01-09,1002,10148,CASH DEP BRANCH SHORT,2024-01-09,C,5082,542262013,123421574
2024-01-11,1030,10047,OC Gefu Chq Dep for A/c status ABC - TRANS,2024-01-11,C,8800,542262013,123421663
2024-01-29,1016,10165,RD Install - MEMARI(TEST),2024-01-29,C,509,542262013,123421683
2024-01-13,1030,10173,Credit Interest Capitalised,2024-01-13,D,3614,542262013,123421452
2024-01-16,1021,10121,CASH DEP BRANCH SHORT,2024-01-16,C,3113,542262013,123421612
2024-01-10,1008,10018,DUMMY I/W Chq return-TRANSFER INWDUMMY,2024-01-10,D,5086,542262013,123421751
2024-01-29,1020,10165,US Escrow TD Redemption-Tax1,2024-01-29,C,5433,542262013,123421447
2024-01-07,1011,10007,US Escrow TD Redemption-Interest,2024-01-07,D,4035,542262013,123421555
2024-01-18,1020,10127,Misc.Dr - BRANCH SHORT,2024-01-18,D,8610,542262013,123421442
2024-01-30,1018,10194,Misc.Dr - BRANCH SHORT,2024-01-30,C,327,542262013,123421870
2024-01-14,1017,10186,CASH DEP BRANCH SHORT,2024-01-14,D,9356,542262013,123421855
2024-01-01,1008,10160,TEST,2024-01-01,D,3239,542262013,123421832
2024-01-01,1004,10113,CASH DEP BRANCH SHORT,2024-01-01,D,7849,542262013,123421692
2024-01-08,1022,10163,CASH DEP BRANCH SHORT,2024-01-08,D,2573,542262013,123421793
2024-01-10,1009,10017,Cheque Transaction Rejected,2024-01-10,C,8059,542262013,123421764
2024-01-06,1018,10022,CASH DEP BRANCH SHORT,2024-01-06,D,7014,542262013,123421704
2024-01-07,1003,10118,CASH DEP BRANCH SHORT,2024-01-07,D,5205,542262013,123421447
2024-01-28,1004,10014,Misc.Dr - TEST BRANCH SHORT,2024-01-28,C,8784,542262013,123421869
2024-01-14,1025,10095,FT - edge Cr - Test1234 - TESTING BAO UPLOAD 1,2024-01-14,C,4522,542262013,123421408
2024-01-19,1030,10086,Misc.Dr - BRANCH SHORT,2024-01-19,C,4293,542262013,123421828
2024-01-20,1011,10111,CASH DEP BRANCH SHORT,2024-01-20,C,9022,542262013,123421892
2024-01-16,1023,10140,FT -edge remote Cr - Test1234 - TESTING BAO UPLOAD 1,2024-01-16,C,5758,542262013,123421360
2024-01-24,1001,10174,DUMMY Gefu Chq Dep,2024-01-24,C,9143,542262013,123421613
2024-01-29,1016,10013,Credit Interest Capitalised,2024-01-29,C,7764,542262013,123421561
2024-01-16,1015,10109,SALARY-employee TEST001,2024-01-16,D,7405,542262013,123421624
2024-01-06,1029,10194,US Escrow TD Redemption-Tax1,2024-01-06,D,5334,542262013,123421439
2024-01-17,1023,10027,FT - edge Cr - Test1234 - TESTING BAO UPLOAD 1,2024-01-17,C,7223,542262013,123421742
2024-01-15,1027,10041,TestRT1234-TestinG OF CHRGS,2024-01-15,D,2915,542262013,123421518
2024-01-28,1003,10200,FT-TEST,2024-01-28,C,2808,542262013,123421458
2024-01-25,1010,10014,Credit Interest Capitalised,2024-01-25,C,908,542262013,123421503
2024-01-06,1012,10135,CASH DEP BRANCH SHORT,2024-01-06,D,8164,542262013,123421823
2024-01-02,1021,10021,SALARY-employee AUTOABC,2024-01-02,C,1608,542262013,123421738
2024-01-01,1012,10188,CASH DEP BRANCH SHORT,2024-01-01,C,6826,542262013,123421758
2024-01-01,1010,10085,TestRT1234-TestinG OF CHRGS,2024-01-01,D,3630,542262013,123421401
2024-01-11,1026,10042,DUMMY I/W Chq return-TRANSFER INWDUMMY,2024-01-11,C,8241,542262013,123421491
2024-01-26,1018,10122,test,2024-01-26,C,5676,542262013,123421536
2024-01-01,1028,10074,OC Gefu Chq Dep for A/c status EightABC - TRANS,2024-01-01,C,3567,542262013,123421660
2024-01-04,1027,10184,CreditAccfor5L,2024-01-04,C,3893,542262013,123421709
2024-01-14,1023,10039,US EscrowTest TD Redemption-Principal,2024-01-14,C,1430,542262013,123421781
2024-01-17,1021,10014,SALARY-employee AUTOABC,2024-01-17,D,9871,542262013,123421650
2024-01-08,1029,10121,Credit Interest Capitalised,2024-01-08,D,8740,542262013,123421712
2024-01-30,1004,10076,DD Issue  - BNYM Bank LT - PUNE - BHAND - test123- test123,2024-01-30,D,7206,542262013,123421519
2024-01-15,1016,10079,Credit Interest Capitalised,2024-01-15,C,4436,542262013,123421771
2024-01-03,1029,10027,TestRT1234-TestinG OF CHRGS,2024-01-03,D,6197,542262013,123421719
2024-01-04,1005,10037,SALARY-employee TEST001,2024-01-04,D,8756,542262013,123421734
2024-01-19,1012,10036,CreditAccfor5L,2024-01-19,C,653,542262013,123421706
2024-01-24,1020,10044,RD Install - MEMARI(TEST),2024-01-24,D,3284,542262013,123421900
2024-01-13,1011,10090,DUMMY Gefu Chq Dep,2024-01-13,C,2291,542262013,123421545
2024-01-04,1001,10141,CASH DEP BRANCH SHORT,2024-01-04,D,1679,542262013,123421592
2024-01-06,1012,10118,FT -TEST Dr - 1001 - ABCD,2024-01-06,C,5837,542262013,123421829
2024-01-19,1027,10083,DUMMY Gefu Chq Dep,2024-01-19,C,174,542262013,123421691
2024-01-04,1008,10180,US Escrow TD Redemption-Interest,2024-01-04,D,762,542262013,123421514
2024-01-14,1004,10199,CreditAccfor5L,2024-01-14,C,5338,542262013,123421619
2024-01-21,1008,10150,CASH DEP BRANCH SHORT,2024-01-21,C,4531,542262013,123421576
2024-01-20,1017,10115,test,2024-01-20,D,9654,542262013,123421380
2024-01-12,1010,10142,Cheque Transaction Rejected,2024-01-12,C,5993,542262013,123421739
2024-01-07,1024,10102,US Escrow TD Redemption-Interest,2024-01-07,C,721,542262013,123421484
2024-01-16,1003,10039,Misc.Dr - BRANCH SHORT,2024-01-16,C,1503,542262013,123421671
2024-01-11,1018,10074,US EscrowTest TD Redemption-Principal,2024-01-11,C,1634,542262013,123421814
2024-01-17,1023,10132,FT-TEST,2024-01-17,D,9584,542262013,123421436
2024-01-17,1005,10198,RD Install - MEMARI(TEST),2024-01-17,C,9073,542262013,123421350
2024-01-07,1013,10084,Cheque Transaction Rejected,2024-01-07,C,6284,542262013,123421738
2024-01-17,1022,10133,CreditAccfor5L,2024-01-17,D,3075,542262013,123421498
2024-01-11,1003,10180,CreditAccfor5L,2024-01-11,D,9718,542262013,123421608
2024-01-15,1028,10075,CASH DEP BRANCH SHORT,2024-01-15,D,6073,542262013,123421653
2024-01-20,1018,10048,OC Gefu Chq Dep for A/c status ABC - TRANS,2024-01-20,D,8380,542262013,123421772
2024-01-12,1012,10185,test,2024-01-12,D,6168,542262013,123421833
2024-01-30,1014,10072,US EscrowTest TD Payin-Debit,2024-01-30,D,2933,542262013,123421513
2024-01-16,1011,10031,Credit Interest Capitalised,2024-01-16,D,3146,542262013,123421548
2024-01-16,1010,10071,SALARY-employee AUTOABC,2024-01-16,C,7965,542262013,123421731
2024-01-04,1007,10108,FT - edge Cr - Test1234 - TESTING BAO UPLOAD 1,2024-01-04,C,9252,542262013,123421342
2024-01-16,1022,10135,test,2024-01-16,D,2979,542262013,123421546
2024-01-16,1018,10007,Misc.Dr - BRANCH SHORT,2024-01-16,C,4840,542262013,123421456
2024-01-30,1022,10108,Credit Interest Capitalised,2024-01-30,C,2438,542262013,123421881
2024-01-15,1006,10006,CreditAccfor5L,2024-01-15,D,2171,542262013,123421508
2024-01-06,1010,10078,Credit Interest Capitalised,2024-01-06,C,3994,542262013,123421443
2024-01-06,1022,10115,CASH DEP BRANCH SHORT,2024-01-06,D,4024,542262013,123421385
2024-01-07,1015,10174,Credit Interest Capitalised,2024-01-07,C,7145,542262013,123421603
2024-01-30,1026,10082,FT-TEST,2024-01-30,D,7887,542262013,123421643
2024-01-07,1008,10112,CASH DEP BRANCH SHORT,2024-01-07,D,8045,542262013,123421363
2024-01-14,1012,10126,DUMMY Gefu Chq Dep,2024-01-14,C,1075,542262013,123421755
2024-01-07,1009,10034,CASH DEP BRANCH SHORT,2024-01-07,D,5698,542262013,123421849
2024-01-02,1011,10125,SALARY-employee TEST001,2024-01-02,C,7462,542262013,123421689
2024-01-03,1028,10137,DUMMY I/W Chq return-TRANSFER INWDUMMY,2024-01-03,C,925,542262013,123421704
2024-01-24,1025,10120,OC Gefu Chq Dep for A/c status EightABC - TRANS,2024-01-24,D,2803,542262013,123421857
2024-01-19,1000,10185,SALARY-employee AUTOABC,2024-01-19,D,5192,542262013,123421730
2024-01-06,1020,10003,US Escrow TD Redemption-Interest,2024-01-06,D,5299,542262013,123421432
2024-01-08,1019,10022,Credit Interest Capitalised,2024-01-08,C,3985,542262013,123421374
2024-01-24,1022,10135,OC Gefu Chq Dep for A/c status ABC - TRANS,2024-01-24,D,5385,542262013,123421479
2024-01-27,1016,10108,test,2024-01-27,D,4629,542262013,123421348
2024-01-16,1029,10175,TEST,2024-01-16,D,3119,542262013,123421537
2024-01-17,1008,10172,CreditAccfor5L,2024-01-17,D,6024,542262013,123421625
2024-01-15,1011,10004,US Escrow TD Redemption-Interest,2024-01-15,C,4036,542262013,123421665
2024-01-24,1015,10080,FT -TEST Dr - 1001 - ABCD,2024-01-24,D,663,542262013,123421375
2024-01-27,1023,10174,OC Gefu Chq Dep for A/c status EightABC - TRANS,2024-01-27,C,4964,542262013,123421347
2024-01-25,1028,10020,CASH DEP BRANCH SHORT,2024-01-25,D,1370,542262013,123421656
2024-01-03,1012,10159,CASH DEP BRANCH SHORT,2024-01-03,C,9381,542262013,123421615
2024-01-30,1026,10091,FT-TEST,2024-01-30,C,9627,542262013,123421861
